{
	"Solenoid 1": {
		"id": 1,
		"pos": {
			"x": 271.42857142857144,
			"y": 325.7142857142857
		},
		"fluid": 0,
		"width": 40.0,
		"height": 18.0,
		"name": "Solenoid",
		"scale": 1,
		"serial number": "",
		"long name": "Solenoid",
		"is vertical": 0,
		"is locked": false,
		"is pos locked": false,
		"serial number label": {
			"pos string": "Bottom",
			"local pos": {
				"x": 17.142857142857142,
				"y": 24.0
			},
			"rows": 1,
			"font size": 10.0,
			"is visible": true
		},
		"long name label": {
			"pos string": "Top",
			"local pos": {
				"x": -7.619047619047619,
				"y": -20.571428571428573
			},
			"rows": 1,
			"font size": 12.0,
			"is visible": true
		},
		"channel": "Undefined",
		"board": "Undefined",
		"normally open": false
	},
	"Motor 2": {
		"id": 2,
		"pos": {
			"x": 497.1428571428571,
			"y": 243.42857142857142
		},
		"fluid": 0,
		"width": 70.0,
		"height": 117.0,
		"name": "Motor",
		"scale": 1,
		"serial number": "",
		"long name": "Motor",
		"is vertical": 0,
		"is locked": false,
		"is pos locked": false,
		"serial number label": {
			"pos string": "Right",
			"local pos": {
				"x": 72.38095238095238,
				"y": 67.42857142857143
			},
			"rows": 1,
			"font size": 10.0,
			"is visible": true
		},
		"long name label": {
			"pos string": "Top",
			"local pos": {
				"x": 15.238095238095237,
				"y": -20.571428571428573
			},
			"rows": 1,
			"font size": 12.0,
			"is visible": true
		},
		"channel": "Undefined",
		"board": "Undefined"
	},
	"Tube 1": {
		"tube id": 1,
		"fluid": 0,
		"bend positions": {
			"0": {
				"x": 566.6666666666666,
				"y": 313.14285714285717
			},
			"1": {
				"x": 816.1904761904761,
				"y": 313.14285714285717
			},
			"2": {
				"x": 816.1904761904761,
				"y": 589.7142857142857
			},
			"3": {
				"x": 1029.5238095238094,
				"y": 589.7142857142857
			},
			"4": {
				"x": 1029.5238095238094,
				"y": 280.0
			},
			"5": {
				"x": 1131.4285714285713,
				"y": 280.0
			},
			"6": {
				"x": 1131.4285714285713,
				"y": 806.8571428571429
			},
			"7": {
				"x": 291.4285714285714,
				"y": 806.8571428571429
			},
			"8": {
				"x": 291.4285714285714,
				"y": 346.2857142857143
			},
			"9": {
				"x": 291.4285714285714,
				"y": 346.2857142857143
			}
		},
		"line width": 1.0
	}
}